bioguide,hr1370-115,s756-115,PN1095,PN48,PN44,PN42,PN43,PN40,PN41,hjres36-115,hjres66-115,PN696,PN1761,s2372-115,hr601-115,hr244-115,sconres3-115,hjres37-115,hr695-115,hjres44-115,PN50,PN55,PN54,hjres43-115,sjres42-115,hjres58-115,hjres38-115,hjres111-115,hr1892-115,hr-1-final1-115,hjres42-115,hjres57-115,hr-senate-repeal1628-115,s109-116,PN29,PN25,PN26,nuclear0-115,sjres2-116,PN1857,s84-115,hr-conference2-115,s722-115,sjres52-115,PN39,PN37,PN36,PN35,PN34,PN33,PN32,PN31,PN30,hjres41-115,hr-1-senate1-115,hr-senate-amendment-5268-116,hrsamd1958-115,hr195a-115,PN2179,hrsamd1959-115,hr2266-115,sjres63-115,PN1371,sjres34-115,PN88,hjres40-115,hjres83-115,hr2-115,hconres71-115,sjres57-115,hr-delay1628-115,hr3-115,hjres123-115,sjres64-115,PN90,s2155-115,hr-senate-amendment-6268-116,PN2259,hr1625-115,hr3364-115,s2311-115,hr195-115,hr-tariffs5515-115,hr-mtp1628-115,hjres67-115,hr6-115,sjres54-115,s139-115,last_name,first_name,middle_name,suffix,nickname,full_name,birthday,gender,type,state,district,senate_class,party,url,address,phone,contact_form,rss_url,twitter,facebook,youtube,youtube_id,bioguide_id,thomas_id,opensecrets_id,lis_id,fec_ids,cspan_id,govtrack_id,votesmart_id,ballotpedia_id,washington_post_id,icpsr_id,wikipedia_id
L000174,1,1,-1,1,-1,1,-1,1,1,-1,-1,1,-1,1,1,1,-1,-1,-1,-1,1,-1,-1,-1,1,-1,-1,-1,1,-1,-1,-1,-1,-1,1,-1,-1,1,1,-1,-1,1,1,1,1,-1,-1,1,-1,-1,-1,-1,-1,-1,-1,-1,1,-1,1,-1,1,1,-1,-1,-1,-1,-1,0,-1,-1,-1,-1,1,1,1,-1,1,-1,1,1,-1,-1,1,-1,-1,1,1,-1,Leahy,Patrick,J.,,,Patrick J. Leahy,1940-03-31,M,sen,VT,,3.0,Democrat,https://www.leahy.senate.gov,437 Russell Senate Office Building Washington DC 20510,202-224-4242,https://www.leahy.senate.gov/contact/,http://www.leahy.senate.gov/rss/feeds/press/,SenatorLeahy,SenatorPatrickLeahy,SenatorPatrickLeahy,UC46QHVobf7FO-tWehsRoDog,L000174,1383.0,N00009918,S057,S4VT00017,1552.0,300065,53353.0,Patrick Leahy,,14307.0,Patrick Leahy
B001288,-1,1,-1,-1,-1,1,-1,-1,-1,-1,-1,1,-1,1,1,1,-1,-1,-1,-1,1,-1,-1,-1,1,-1,-1,-1,-1,-1,-1,-1,-1,-1,1,-1,-1,1,1,-1,-1,1,1,1,1,-1,-1,-1,-1,-1,-1,-1,-1,-1,-1,-1,1,-1,-1,-1,1,1,-1,-1,-1,-1,-1,1,-1,-1,-1,-1,-1,1,-1,-1,1,-1,-1,1,-1,-1,1,-1,-1,1,1,-1,Booker,Cory,Anthony,,,Cory A. Booker,1969-04-27,M,sen,NJ,,2.0,Democrat,https://www.booker.senate.gov,359 Dirksen Senate Office Building Washington DC 20510,202-224-3224,https://www.booker.senate.gov/?p=contact,,SenBooker,,SenCoryBooker,UC6FlymqNS1VettnVZa7goPA,B001288,2194.0,N00035267,S370,S4NJ00185,84679.0,412598,76151.0,Cory Booker,,41308.0,Cory Booker
S001184,1,1,1,1,1,1,1,1,1,1,1,1,1,1,1,-1,1,1,1,1,1,1,1,1,-1,1,1,1,1,1,1,1,1,1,1,1,1,-1,-1,1,1,1,1,-1,1,1,1,1,1,1,1,1,1,1,1,1,-1,1,1,1,1,-1,1,1,1,1,1,1,1,1,1,1,1,-1,1,1,-1,1,1,1,1,1,-1,1,1,1,-1,1,Scott,Tim,,,,Tim Scott,1965-09-19,M,sen,SC,,3.0,Republican,https://www.scott.senate.gov,104 Hart Senate Office Building Washington DC 20510,202-224-6121,https://www.scott.senate.gov/contact/email-me,http://www.scott.senate.gov/rss.xml,SenatorTimScott,SenatorTimScott,SenatorTimScott,UCSfAsbG80CNInSKrtpKoL-w,S001184,2056.0,N00031782,S365,"H0SC01279,S4SC00240",623506.0,412471,11940.0,Tim Scott,,21173.0,Tim Scott
M001176,-1,1,-1,-1,-1,-1,-1,-1,-1,-1,-1,-1,-1,-1,1,1,-1,-1,-1,-1,1,-1,-1,-1,1,-1,-1,-1,-1,-1,-1,-1,-1,-1,1,-1,-1,1,1,-1,-1,1,1,1,1,-1,-1,-1,-1,-1,-1,-1,-1,-1,-1,-1,1,-1,-1,-1,1,1,-1,-1,-1,-1,-1,1,-1,-1,-1,-1,-1,1,1,-1,1,-1,-1,1,-1,-1,1,-1,-1,1,1,-1,Merkley,Jeff,,,,Jeff Merkley,1956-10-24,M,sen,OR,,2.0,Democrat,https://www.merkley.senate.gov,313 Hart Senate Office Building Washington DC 20510,202-224-3753,http://www.merkley.senate.gov/contact/,http://www.merkley.senate.gov/rss/,SenJeffMerkley,jeffmerkley,SenatorJeffMerkley,UCRoXttCJhMnLVCxCaa6VnNQ,M001176,1900.0,N00029303,S322,S8OR00207,1029842.0,412325,23644.0,Jeff Merkley,,40908.0,Jeff Merkley
T000476,1,1,1,1,1,1,1,1,1,1,1,1,1,1,1,1,1,1,1,1,1,1,1,1,-1,1,1,1,1,1,1,1,1,1,1,1,1,-1,-1,1,1,1,1,-1,1,1,1,1,1,1,1,1,1,1,1,1,-1,1,1,1,1,-1,1,1,1,1,1,1,1,1,1,1,1,0,1,1,-1,1,-1,1,1,1,1,1,1,1,0,1,Tillis,Thom,,,,Thom Tillis,1960-08-30,M,sen,NC,,2.0,Republican,https://www.tillis.senate.gov/public,185 Dirksen Senate Office Building Washington DC 20510,202-224-6342,https://www.tillis.senate.gov/public/index.cfm/email-me,,senthomtillis,SenatorThomTillis,,UCUD9VGV4SSGWjGdbn37Ea2w,T000476,2291.0,N00035492,S384,S4NC00162,77055.0,412668,57717.0,,,41504.0,Thom Tillis
S001181,1,1,-1,1,-1,1,1,1,1,-1,-1,1,-1,1,1,1,-1,-1,-1,-1,1,-1,-1,-1,1,-1,-1,-1,1,-1,-1,-1,-1,-1,1,-1,-1,1,1,1,1,1,1,1,1,-1,-1,1,-1,-1,1,-1,-1,-1,-1,-1,1,1,1,-1,1,1,-1,-1,-1,-1,-1,1,-1,-1,-1,0,1,1,1,1,1,-1,1,1,-1,-1,1,-1,-1,1,1,1,Shaheen,Jeanne,,,,Jeanne Shaheen,1947-01-28,F,sen,NH,,2.0,Democrat,https://www.shaheen.senate.gov,506 Hart Senate Office Building Washington DC 20510,202-224-2841,https://www.shaheen.senate.gov/contact/contact-jeanne,http://www.shaheen.senate.gov/rss/,SenatorShaheen,SenatorShaheen,senatorshaheen,UCjLZAZMbDrybHyttdEC9LFA,S001181,1901.0,N00024790,S324,S0NH00219,22850.0,412323,1663.0,Jeanne Shaheen,,40906.0,Jeanne Shaheen
V000128,-1,1,-1,-1,-1,1,-1,-1,1,-1,-1,1,-1,1,1,1,-1,-1,-1,-1,1,-1,-1,-1,1,-1,-1,-1,1,-1,-1,-1,-1,-1,1,-1,-1,1,1,-1,-1,1,0,1,1,-1,-1,1,-1,-1,-1,-1,-1,-1,-1,-1,1,1,1,-1,1,1,-1,-1,-1,-1,-1,1,-1,-1,-1,-1,1,1,1,-1,1,-1,1,1,-1,-1,1,-1,-1,1,1,-1,Van Hollen,Chris,,Jr.,,Chris Van Hollen,1959-01-10,M,sen,MD,,3.0,Democrat,https://www.vanhollen.senate.gov,110 Hart Senate Office Building Washington DC 20510,202-224-4654,http://www.vanhollen.senate.gov/contact/email,,ChrisVanHollen,chrisvanhollen,RepChrisVanHollen,UCkpfJWu1N9Okd6PE_NidtBQ,V000128,1729.0,N00013820,S390,"H2MD08126,S6MD03441",20756.0,400415,6098.0,,,20330.0,Chris Van Hollen
C001047,1,1,1,1,1,0,1,1,1,1,1,1,1,1,1,1,1,1,1,1,1,1,1,1,-1,1,1,1,1,1,1,1,1,1,1,1,1,-1,-1,1,1,1,1,-1,1,1,1,1,1,1,1,1,1,1,1,1,-1,1,1,1,1,-1,1,1,1,1,1,1,1,1,-1,1,1,-1,1,1,-1,1,1,1,1,1,-1,1,1,1,-1,1,Capito,Shelley,Moore,,,Shelley Moore Capito,1953-11-26,F,sen,WV,,2.0,Republican,https://www.capito.senate.gov,172 Russell Senate Office Building Washington DC 20510,202-224-6472,https://www.capito.senate.gov/contact/contact-shelley,,SenCapito,senshelley,,UCbiXdR4XQ3vD9Xp5lfR9QXw,C001047,1676.0,N00009771,S372,"H0WV02138,S4WV00159",83737.0,400061,11701.0,Shelley Moore Capito,,20146.0,Shelley Moore Capito
K000367,-1,1,-1,1,-1,1,1,1,1,-1,-1,1,-1,1,1,1,-1,-1,-1,-1,1,-1,-1,-1,1,-1,-1,-1,1,-1,-1,-1,-1,-1,1,-1,-1,1,1,-1,1,1,1,1,1,-1,-1,1,-1,-1,1,-1,-1,-1,-1,-1,1,1,1,-1,1,1,-1,-1,-1,-1,-1,1,-1,-1,-1,-1,1,1,1,-1,1,-1,1,1,-1,-1,1,-1,-1,1,1,1,Klobuchar,Amy,Jean,,,Amy Klobuchar,1960-05-25,F,sen,MN,,1.0,Democrat,https://www.klobuchar.senate.gov,425 Dirksen Senate Office Building Washington DC 20510,202-224-3244,http://www.klobuchar.senate.gov/public/index.cfm/contact,,SenAmyKlobuchar,,senatorklobuchar,UCvdeJsDsV51tFb_hVqvtYGA,K000367,1826.0,N00027500,S311,S6MN00267,83701.0,412242,65092.0,Amy Klobuchar,,40700.0,Amy Klobuchar
G000359,1,0,1,1,1,1,1,1,1,-1,1,1,1,1,-1,-1,1,1,1,1,1,1,1,1,-1,1,1,-1,1,1,1,1,1,0,1,1,1,-1,-1,1,1,1,1,-1,1,1,1,1,1,1,1,1,1,1,1,1,1,1,1,1,1,-1,1,1,1,1,1,1,1,1,1,1,1,-1,1,1,-1,1,1,1,1,-1,-1,1,1,1,0,1,Graham,Lindsey,O.,,,Lindsey Graham,1955-07-09,M,sen,SC,,2.0,Republican,https://www.lgraham.senate.gov/public,290 Russell Senate Office Building Washington DC 20510,202-224-5972,https://www.lgraham.senate.gov/public/index.cfm/e-mail-senator-graham,http://www.lgraham.senate.gov/public/index.cfm?FuseAction=Rss.Feed,GrahamBlog,USSenatorLindseyGraham,USSenLindseyGraham,UClLGZMA5Ei2Z8fR1PLEx6yQ,G000359,452.0,N00009975,S293,"S0SC00149,H4SC03087",36782.0,300047,21992.0,Lindsey Graham,,29566.0,Lindsey Graham
M001111,-1,1,-1,-1,-1,1,-1,1,1,-1,-1,1,-1,1,1,1,-1,-1,-1,-1,1,-1,-1,-1,1,-1,-1,-1,1,-1,-1,-1,-1,-1,1,-1,-1,1,1,-1,-1,1,1,1,1,-1,-1,1,-1,-1,-1,-1,-1,-1,-1,-1,1,1,1,-1,1,1,-1,-1,-1,-1,-1,1,-1,-1,-1,-1,1,1,1,-1,1,-1,1,1,-1,-1,1,-1,-1,1,1,-1,Murray,Patty,,,,Patty Murray,1950-10-11,F,sen,WA,,3.0,Democrat,https://www.murray.senate.gov/public,154 Russell Senate Office Building Washington DC 20510,202-224-2621,http://www.murray.senate.gov/public/index.cfm/contactme,http://www.murray.senate.gov/public/?a=rss.feed,PattyMurray,,SenatorPattyMurray,UCb8jq3TvQ3AzKsexhWfFLoA,M001111,1409.0,N00007876,S229,S2WA00189,25277.0,300076,53358.0,Patty Murray,,49308.0,Patty Murray
W000437,1,1,1,1,1,1,1,1,1,1,1,1,1,1,1,1,1,1,1,1,1,1,1,1,-1,1,1,1,1,1,1,1,1,1,1,1,1,-1,-1,1,1,1,1,-1,1,1,1,1,1,1,1,1,1,1,1,1,-1,1,1,1,1,-1,1,1,1,1,1,1,1,1,1,1,1,-1,1,1,-1,1,1,1,1,1,1,1,1,1,-1,1,Wicker,Roger,F.,,,Roger F. Wicker,1951-07-05,M,sen,MS,,1.0,Republican,https://www.wicker.senate.gov,555 Dirksen Senate Office Building Washington DC 20510,202-224-6253,https://www.wicker.senate.gov/public/index.cfm/contact,,SenatorWicker,SenatorWicker,SenatorWicker,UCIlKHiTjSkcQP_knBcXHWSg,W000437,1226.0,N00003280,S318,"H4MS01078,S8MS00196",18203.0,400432,21926.0,Roger Wicker,,29534.0,Roger Wicker
B001277,-1,1,-1,1,-1,-1,0,-1,1,-1,-1,1,-1,1,1,1,-1,-1,-1,-1,1,-1,-1,-1,1,-1,-1,-1,1,-1,-1,-1,-1,-1,1,-1,-1,1,1,-1,-1,1,1,1,1,-1,-1,1,-1,-1,-1,-1,-1,-1,-1,-1,1,-1,1,-1,1,1,-1,-1,-1,-1,-1,1,-1,-1,-1,-1,1,1,-1,-1,1,-1,1,1,-1,-1,1,-1,-1,1,1,-1,Blumenthal,Richard,,,,Richard Blumenthal,1946-02-13,M,sen,CT,,3.0,Democrat,https://www.blumenthal.senate.gov,706 Hart Senate Office Building Washington DC 20510,202-224-2823,https://www.blumenthal.senate.gov/contact/,http://www.blumenthal.senate.gov/rss/feeds/?type=all,SenBlumenthal,SenBlumenthal,SenatorBlumenthal,UCHH-fn3_LVt0Q4od56rOi5g,B001277,2076.0,N00031685,S341,S0CT00177,21799.0,412490,1568.0,Richard Blumenthal,,41101.0,Richard Blumenthal
P000603,-1,1,1,1,1,1,-1,1,-1,1,1,1,1,1,-1,-1,-1,1,-1,1,1,1,1,1,1,1,1,1,-1,1,1,1,1,0,1,1,1,-1,-1,-1,1,-1,-1,-1,1,1,1,1,1,1,1,1,1,1,1,0,-1,-1,1,-1,-1,-1,-1,0,1,1,0,-1,-1,1,1,1,0,-1,1,1,0,1,-1,-1,1,-1,1,1,1,1,1,-1,Paul,Rand,,,,Rand Paul,1963-01-07,M,sen,KY,,3.0,Republican,https://www.paul.senate.gov,167 Russell Senate Office Building Washington DC 20510,202-224-4343,https://www.paul.senate.gov/connect/email-rand,http://paul.senate.gov/rss/?p=news,RandPaul,SenatorRandPaul,SenatorRandPaul,UCeM9I-20oWUs8daIIpsNHoQ,P000603,2082.0,N00030836,S348,S0KY00156,9265241.0,412492,117285.0,Rand Paul,,41104.0,Rand Paul
R000595,1,-1,1,1,1,1,1,1,1,1,1,1,1,1,0,1,1,1,1,1,1,1,1,1,-1,1,1,1,1,1,1,1,1,1,1,1,1,-1,1,1,1,-1,1,-1,1,1,1,1,1,1,1,1,1,1,1,1,-1,1,1,1,1,-1,1,1,1,1,1,1,1,1,1,1,1,-1,1,1,-1,1,1,1,1,1,1,1,1,1,-1,1,Rubio,Marco,,,,Marco Rubio,1971-05-28,M,sen,FL,,3.0,Republican,https://www.rubio.senate.gov,284 Russell Senate Office Building Washington DC 20510,202-224-3041,http://www.rubio.senate.gov/public/index.cfm/contact,http://www.rubio.senate.gov/public/?a=rss.feed,SenRubioPress,SenatorMarcoRubio,SenatorMarcoRubio,UCh8t7sV_DBKz4A-RkL9feyg,R000595,2084.0,N00030612,S350,S0FL00338,87599.0,412491,1601.0,Marco Rubio,,41102.0,Marco Rubio
D000622,-1,1,-1,1,-1,1,-1,1,-1,-1,-1,1,-1,0,1,1,-1,-1,-1,-1,1,-1,-1,-1,1,-1,-1,-1,1,-1,-1,-1,-1,-1,1,-1,-1,1,1,-1,-1,1,1,1,1,-1,-1,1,-1,-1,1,-1,-1,-1,-1,-1,1,1,1,-1,1,1,-1,-1,-1,-1,-1,1,-1,0,-1,-1,1,1,1,-1,1,-1,1,1,-1,-1,1,-1,-1,1,1,1,Duckworth,Tammy,,,,Tammy Duckworth,1968-03-12,F,sen,IL,,3.0,Democrat,https://www.duckworth.senate.gov,524 Hart Senate Office Building Washington DC 20510,202-224-2854,https://www.duckworth.senate.gov/content/contact-senator,,SenDuckworth,SenDuckworth,repduckworth,UCYRWRvUxtjaHnFMCbdd94tg,D000622,2123.0,N00027860,S386,"H6IL06141,S6IL00292",94484.0,412533,57442.0,Tammy Duckworth,,21325.0,Tammy Duckworth
M001169,-1,1,-1,1,-1,1,0,1,1,-1,-1,1,-1,1,1,1,-1,-1,-1,-1,1,-1,-1,-1,1,-1,-1,-1,1,-1,-1,-1,-1,-1,1,-1,-1,1,1,-1,-1,1,1,1,1,-1,-1,1,-1,-1,-1,1,-1,-1,-1,-1,1,-1,1,-1,1,1,-1,-1,-1,-1,-1,1,-1,-1,-1,-1,1,1,1,-1,1,-1,1,1,-1,-1,1,-1,-1,1,1,-1,Murphy,Christopher,S.,,,Christopher Murphy,1973-08-03,M,sen,CT,,1.0,Democrat,https://www.murphy.senate.gov,136 Hart Senate Office Building Washington DC 20510,202-224-4041,http://www.murphy.senate.gov/contact,http://www.theday.com/article/20121216/nws12/312169935/1069/rss,senmurphyoffice,chrismurphyct,senchrismurphy,UCbcEa40PIFpLpdDe06n3F3Q,M001169,1837.0,N00027566,S364,"H6CT05124,S2CT00132",1021270.0,412194,17189.0,Christopher S. Murphy,,20707.0,Chris Murphy
C001113,-1,1,-1,1,-1,1,-1,-1,1,-1,-1,1,-1,1,1,1,-1,-1,1,-1,1,-1,-1,-1,1,1,-1,-1,1,-1,-1,-1,-1,-1,1,-1,-1,1,1,-1,1,1,1,1,1,-1,1,1,-1,-1,1,1,-1,-1,-1,-1,1,-1,1,-1,1,1,-1,-1,1,-1,-1,1,-1,-1,-1,-1,1,1,1,-1,1,-1,1,1,-1,-1,1,-1,-1,1,1,1,Cortez Masto,Catherine,,,,Catherine Cortez Masto,1964-03-29,F,sen,NV,,3.0,Democrat,https://www.cortezmasto.senate.gov,204 Russell Senate Office Building Washington DC 20510,202-224-3542,https://www.cortezmasto.senate.gov/contact,,sencortezmasto,SenatorCortezMasto,,UCip_83SiKUqwnUT57VOXrCg,C001113,,N00037161,S385,S6NV00200,105698.0,412681,69579.0,Catherine Cortez Masto,,41700.0,Catherine Cortez Masto
B000575,1,1,1,1,1,1,1,1,1,1,1,1,1,1,1,1,1,1,1,1,1,1,1,1,-1,1,1,1,1,1,1,1,1,1,1,1,1,-1,-1,1,1,1,1,-1,1,1,1,1,1,1,1,1,1,1,1,1,-1,1,1,1,1,-1,1,1,1,1,1,1,1,1,1,1,1,-1,1,1,-1,1,1,1,1,1,1,1,1,1,-1,1,Blunt,Roy,,,,Roy Blunt,1950-01-10,M,sen,MO,,3.0,Republican,https://www.blunt.senate.gov,260 Russell Senate Office Building Washington DC 20510,202-224-5721,https://www.blunt.senate.gov/public/index.cfm/contact-roy,http://www.blunt.senate.gov/public/?a=rss.feed,RoyBlunt,SenatorBlunt,SenatorBlunt,UCFeLRzjhThTmaWzuh5qjpGA,B000575,1464.0,N00005195,S342,"H6MO07128,S0MO00183",45465.0,400034,418.0,Roy Blunt,,29735.0,Roy Blunt
R000605,1,-1,1,1,1,1,1,1,1,1,1,1,1,-1,1,1,1,1,1,1,1,1,1,1,-1,1,1,1,1,1,1,1,1,1,1,1,1,-1,-1,1,1,1,1,-1,1,1,1,1,1,1,1,1,1,1,1,1,1,1,1,1,1,-1,1,1,1,1,1,1,1,1,1,1,-1,-1,1,1,-1,1,1,1,1,1,1,1,1,1,-1,1,Rounds,Mike,,,,Mike Rounds,1954-10-24,M,sen,SD,,2.0,Republican,https://www.rounds.senate.gov,502 Hart Senate Office Building Washington DC 20510,202-224-5842,https://www.rounds.senate.gov/contact/email-mike,,SenatorRounds,SenatorMikeRounds,,UC-pvzimyBdpdkcIfsicrfrQ,R000605,2288.0,N00035187,S381,S4SD00049,78317.0,412669,7455.0,,,41505.0,Mike Rounds
C001056,1,1,1,1,1,1,1,1,1,1,1,1,1,1,1,1,1,1,1,1,1,1,1,1,-1,1,1,1,1,1,1,1,1,1,1,1,1,-1,-1,1,1,1,1,-1,1,1,1,1,1,1,1,1,1,1,1,1,-1,1,1,1,1,-1,1,1,1,1,1,1,1,1,1,1,1,-1,1,1,-1,1,1,1,1,1,1,1,1,1,-1,1,Cornyn,John,,,,John Cornyn,1952-02-02,M,sen,TX,,2.0,Republican,https://www.cornyn.senate.gov,517 Hart Senate Office Building Washington DC 20510,202-224-2934,https://www.cornyn.senate.gov/contact,http://www.cornyn.senate.gov/public/?a=rss.feed,JohnCornyn,sen.johncornyn,senjohncornyn,UCyQwLQavlOaJ64YuY_VMtiQ,C001056,1692.0,N00024852,S287,S2TX00106,93131.0,300027,15375.0,John Cornyn,,40305.0,John Cornyn
I000055,0,1,1,1,1,0,1,1,0,1,1,1,1,1,1,0,1,0,1,0,1,0,1,1,-1,0,1,1,1,1,0,0,1,1,1,1,1,-1,-1,1,1,1,1,-1,1,1,0,1,0,1,0,0,1,1,1,1,1,1,1,1,1,-1,1,0,1,1,0,1,1,1,1,1,1,-1,1,1,1,1,1,1,1,1,1,1,0,1,-1,1,Isakson,John,H.,,Johnny,Johnny Isakson,1944-12-28,M,sen,GA,,3.0,Republican,https://www.isakson.senate.gov,131 Russell Senate Office Building Washington DC 20510,202-224-3643,https://www.isakson.senate.gov/public/index.cfm/email-me,http://www.isakson.senate.gov/public/?a=RSS.Feed,SenatorIsakson,,SenatorIsakson,UCO80zDwuLZHtGr-KOfl_XCQ,I000055,1608.0,N00002593,S305,"S6GA00119,H8GA06146",59135.0,400194,1721.0,Johnny Isakson,,29909.0,Johnny Isakson
S000148,-1,1,-1,-1,-1,-1,1,1,1,-1,-1,1,-1,1,1,1,-1,-1,-1,-1,1,-1,-1,-1,1,-1,-1,-1,1,-1,-1,-1,-1,-1,1,-1,-1,1,1,-1,1,1,1,1,1,-1,-1,-1,-1,-1,-1,-1,-1,-1,-1,-1,1,1,1,-1,1,1,-1,-1,-1,-1,-1,1,-1,-1,-1,-1,1,1,1,-1,1,-1,1,1,-1,-1,1,-1,-1,1,1,1,Schumer,Charles,E.,,Chuck,Charles E. Schumer,1950-11-23,M,sen,NY,,3.0,Democrat,https://www.schumer.senate.gov,322 Hart Senate Office Building Washington DC 20510,202-224-6542,https://www.schumer.senate.gov/contact/email-chuck,,SenSchumer,senschumer,SenatorSchumer,UC-ABttxh8uQv_10qmwGaidw,S000148,1036.0,N00001093,S270,"S8NY00082,H0NY16010",5929.0,300087,26976.0,Chuck Schumer,,14858.0,Chuck Schumer
H001042,-1,1,-1,1,-1,1,-1,1,1,-1,-1,1,-1,1,1,1,-1,-1,-1,-1,1,-1,-1,-1,1,-1,-1,-1,-1,-1,-1,-1,-1,-1,1,-1,-1,1,1,-1,1,1,1,1,1,-1,-1,1,-1,-1,-1,-1,-1,-1,-1,-1,1,-1,1,-1,1,1,-1,-1,-1,-1,-1,1,-1,-1,-1,-1,-1,1,1,-1,1,-1,1,1,-1,-1,1,-1,-1,1,1,-1,Hirono,Mazie,K.,,,Mazie K. Hirono,1947-11-03,F,sen,HI,,1.0,Democrat,https://www.hirono.senate.gov,713 Hart Senate Office Building Washington DC 20510,202-224-6361,https://www.hirono.senate.gov/contact,http://www.hirono.senate.gov/rss/feeds/?type=all,MazieHirono,senatorhirono,CongresswomanHirono,UCcoKhxad156flzPYJ8JMFOA,H001042,1844.0,N00028139,S361,"H6HI02251,S2HI00106",91216.0,412200,1677.0,Mazie K. Hirono,,20713.0,Mazie Hirono
H001046,1,1,-1,-1,-1,1,-1,-1,1,-1,-1,1,-1,1,1,1,-1,-1,-1,-1,-1,-1,-1,-1,1,-1,-1,-1,1,-1,-1,-1,-1,-1,1,-1,-1,1,1,-1,1,1,1,1,1,-1,-1,1,-1,-1,-1,1,-1,-1,-1,-1,-1,1,1,-1,1,1,-1,-1,-1,-1,-1,1,-1,-1,-1,-1,1,1,1,0,1,-1,1,1,-1,-1,1,-1,-1,1,1,-1,Heinrich,Martin,,,,Martin Heinrich,1971-10-17,M,sen,NM,,1.0,Democrat,https://www.heinrich.senate.gov,303 Hart Senate Office Building Washington DC 20510,202-224-5521,http://www.heinrich.senate.gov/contact,,MartinHeinrich,MartinHeinrich,SenMartinHeinrich,UCBxh8IK5sMxY0Ln_0G2NYcg,H001046,1937.0,N00029835,S359,"H8NM01224,S2NM00088",1030686.0,412281,74517.0,Martin Heinrich,,20930.0,Martin Heinrich
G000562,1,1,1,1,1,-1,1,1,1,1,1,1,1,1,1,1,1,1,1,1,1,1,1,1,-1,1,1,1,1,1,1,1,1,1,1,1,1,-1,1,1,1,1,1,-1,1,1,1,1,1,1,1,1,1,1,1,1,1,1,1,1,1,-1,1,1,1,1,1,1,1,1,1,1,1,-1,1,1,1,1,-1,1,1,1,1,1,1,1,-1,-1,Gardner,Cory,,,,Cory Gardner,1974-08-22,M,sen,CO,,2.0,Republican,https://www.gardner.senate.gov,354 Russell Senate Office Building Washington DC 20510,202-224-5941,https://www.gardner.senate.gov/contact-cory/email-cory,,SenCoryGardner,SenCoryGardner,,UC7Vi5vAFb7piu_BNwrYDBxQ,G000562,1998.0,N00030780,S377,"H0CO04122,S4CO00395",623308.0,412406,30004.0,Cory Gardner,,21112.0,Cory Gardner
R000584,1,-1,1,1,1,1,1,1,1,1,1,1,1,1,-1,-1,1,1,1,1,1,1,1,1,-1,1,1,1,-1,1,1,1,1,1,1,1,1,-1,-1,1,1,1,1,-1,1,1,1,1,1,1,1,1,1,1,1,0,-1,1,1,1,-1,-1,1,1,1,1,1,1,1,1,1,1,1,-1,1,1,0,1,-1,1,1,1,-1,1,1,1,-1,1,Risch,James,,,,James E. Risch,1943-05-03,M,sen,ID,,2.0,Republican,https://www.risch.senate.gov,483 Russell Senate Office Building Washington DC 20510,202-224-2752,http://www.risch.senate.gov/public/index.cfm?p=Email,,SenatorRisch,senatorjimrisch,SenatorJamesRisch,UCncKW8xyT5UbPNO27YuQnBA,R000584,1896.0,N00029441,S323,S8ID00092,1020034.0,412322,2919.0,Jim Risch,,40902.0,Jim Risch
S000770,1,1,-1,1,-1,1,-1,1,1,-1,-1,1,-1,1,1,1,-1,-1,-1,-1,1,-1,-1,-1,1,-1,-1,-1,1,-1,-1,-1,-1,-1,1,-1,-1,1,1,-1,1,1,1,1,1,-1,1,1,-1,-1,-1,-1,-1,-1,-1,-1,1,1,1,-1,1,1,-1,-1,-1,-1,-1,1,-1,-1,-1,-1,1,1,1,1,1,-1,1,1,-1,-1,1,-1,-1,1,1,1,Stabenow,Debbie,Ann,,,Debbie Stabenow,1950-04-29,F,sen,MI,,1.0,Democrat,https://www.stabenow.senate.gov,731 Hart Senate Office Building Washington DC 20510,202-224-4822,https://www.stabenow.senate.gov/contact,http://stabenow.senate.gov/rss/?p=news,SenStabenow,SenatorStabenow,senatorstabenow,UCFoDKCvxSwCUfDv-4Eg4K5A,S000770,1531.0,N00004118,S284,"S8MI00281,H6MI08163",45451.0,300093,515.0,Debbie Stabenow,,29732.0,Debbie Stabenow
P000612,1,1,1,1,1,1,1,1,1,1,1,1,1,1,1,1,1,1,1,1,1,1,1,1,-1,1,1,1,1,1,1,1,1,1,1,1,1,-1,-1,1,1,1,1,-1,1,1,1,1,1,1,1,1,1,1,1,1,-1,1,1,1,-1,-1,1,1,1,1,1,1,1,1,1,1,1,-1,0,1,-1,1,-1,1,1,1,-1,1,1,1,-1,1,Perdue,David,,,,David Perdue,1949-12-10,M,sen,GA,,2.0,Republican,https://www.perdue.senate.gov,455 Russell Senate Office Building Washington DC 20510,202-224-3521,https://www.perdue.senate.gov/connect/email,,sendavidperdue,SenatorDavidPerdue,,UCXHsrkPP4TAm0s0qB1C31Lw,P000612,2286.0,N00035516,S379,S4GA11285,75920.0,412666,151330.0,,,41501.0,David Perdue
L000577,-1,1,1,1,1,1,1,1,1,1,1,1,1,1,-1,-1,1,1,1,1,1,1,1,1,1,1,1,1,-1,1,1,1,1,1,1,1,1,-1,-1,1,1,-1,-1,-1,1,1,1,1,1,1,1,1,1,1,1,-1,-1,-1,1,-1,-1,-1,1,1,1,1,1,-1,1,1,1,1,-1,-1,1,1,-1,1,-1,1,1,-1,1,1,1,-1,1,-1,Lee,Mike,,,,Mike Lee,1971-06-04,M,sen,UT,,3.0,Republican,https://www.lee.senate.gov/public,361A Russell Senate Office Building Washington DC 20510,202-224-5444,https://www.lee.senate.gov/public/index.cfm/contact,http://www.lee.senate.gov/public/index.cfm/rss/feed,SenMikeLee,senatormikelee,senatormikelee,UCplVxs_j_sLAt0fkplXcl4A,L000577,2080.0,N00031696,S346,S0UT00165,9267977.0,412495,66395.0,Mike Lee,,41110.0,Mike Lee (American politician)
L000575,1,1,1,1,1,1,1,1,1,1,1,1,1,1,-1,1,1,1,1,1,1,1,1,1,-1,1,1,1,-1,1,1,1,1,1,1,1,1,-1,-1,1,1,1,1,-1,1,1,1,1,1,1,1,1,1,1,1,1,-1,1,1,1,-1,-1,1,1,1,1,1,-1,1,1,1,1,1,-1,1,1,-1,1,-1,1,1,1,1,1,1,1,-1,1,Lankford,James,,,,James Lankford,1968-03-04,M,sen,OK,,3.0,Republican,https://www.lankford.senate.gov,316 Hart Senate Office Building Washington DC 20510,202-224-5754,http://www.lankford.senate.gov/contact/email,,SenatorLankford,SenatorLankford,SenatorLankford,UCz8T6sK5fEycyWmVz6Vpe5Q,L000575,2050.0,N00031129,S378,"H0OK05114,S4OK00232",1033847.0,412464,124938.0,James Lankford,,21166.0,James Lankford
J000293,1,1,1,1,1,1,1,1,1,1,1,1,1,1,-1,1,1,1,1,1,1,1,1,1,-1,1,1,1,-1,1,1,1,1,1,1,1,1,-1,-1,1,1,-1,1,-1,1,1,1,1,1,1,1,1,1,1,1,1,-1,1,1,1,-1,-1,1,1,1,1,1,-1,1,1,1,1,1,-1,1,1,-1,1,-1,1,1,1,1,1,1,1,-1,1,Johnson,Ron,,,,Ron Johnson,1955-04-08,M,sen,WI,,3.0,Republican,https://www.ronjohnson.senate.gov,328 Hart Senate Office Building Washington DC 20510,202-224-5323,https://www.ronjohnson.senate.gov/public/index.cfm/email-the-senator,http://www.ronjohnson.senate.gov/public/index.cfm/rss/feed,SenRonJohnson,senronjohnson,SenatorRonJohnson,UCG9XyTVtOAs7VX_q_QVHoaw,J000293,2086.0,N00032546,S345,S0WI00197,62835.0,412496,126217.0,Ron Johnson (Wisconsin),,41111.0,Ron Johnson (Wisconsin politician)
G000555,-1,1,-1,-1,-1,-1,-1,-1,-1,-1,-1,-1,-1,1,1,1,-1,-1,-1,-1,1,-1,-1,-1,1,-1,-1,-1,-1,-1,-1,-1,-1,-1,-1,-1,-1,1,1,-1,-1,1,1,1,1,-1,-1,-1,-1,-1,-1,-1,-1,-1,-1,-1,1,-1,-1,-1,1,1,-1,-1,-1,-1,-1,1,-1,-1,-1,-1,-1,1,-1,-1,1,-1,-1,1,-1,-1,1,-1,-1,1,1,-1,Gillibrand,Kirsten,E.,,,Kirsten E. Gillibrand,1966-12-09,F,sen,NY,,1.0,Democrat,https://www.gillibrand.senate.gov,478 Russell Senate Office Building Washington DC 20510,202-224-4451,https://www.gillibrand.senate.gov/contact/email-me,http://www.gillibrand.senate.gov/rss/,GillibrandNY,SenKirstenGillibrand,KirstenEGillibrand,UCVEloQogVsmnkd5vxJInmYg,G000555,1866.0,N00027658,S331,"H6NY20167,S0NY00410",1022862.0,412223,65147.0,Kirsten Gillibrand,,20735.0,Kirsten Gillibrand
C000880,1,1,1,1,1,1,1,1,1,1,1,1,1,1,1,-1,1,1,1,1,1,1,1,1,-1,1,1,1,-1,1,1,1,1,0,1,1,1,-1,-1,1,1,1,1,-1,1,1,1,1,1,1,1,1,1,1,1,1,-1,1,1,1,-1,-1,1,1,1,1,1,1,1,1,1,1,0,-1,1,1,-1,1,-1,1,1,1,-1,1,1,1,-1,1,Crapo,Michael,D.,,,Mike Crapo,1951-05-20,M,sen,ID,,3.0,Republican,https://www.crapo.senate.gov,239 Dirksen Senate Office Building Washington DC 20510,202-224-6142,https://www.crapo.senate.gov/contact,,MikeCrapo,mikecrapo,senatorcrapo,UCMHzKHg1BE7dEcFjnayw1lA,C000880,250.0,N00006267,S266,"S8ID00027,H2ID02034",26440.0,300030,26830.0,Mike Crapo,,29345.0,Mike Crapo
M000355,1,1,1,1,1,1,1,1,1,1,1,1,1,1,1,1,1,1,1,1,1,1,1,1,-1,1,1,1,1,1,1,1,1,1,1,1,1,-1,-1,1,1,1,1,-1,1,1,1,0,1,1,1,1,1,1,1,1,-1,1,1,1,1,-1,1,1,1,1,1,1,1,1,1,1,1,-1,1,1,-1,1,1,1,1,-1,1,1,1,1,-1,1,McConnell,Mitch,,,,Mitch McConnell,1942-02-20,M,sen,KY,,2.0,Republican,https://www.mcconnell.senate.gov,317 Russell Senate Office Building Washington DC 20510,202-224-2541,http://www.mcconnell.senate.gov/public/index.cfm?p=contact,http://www.mcconnell.senate.gov/public/?a=rss.feed,McConnellPress,mitchmcconnell,,,M000355,1395.0,N00003389,S174,S2KY00012,2351.0,300072,53298.0,Mitch McConnell,,14921.0,Mitch McConnell
C001070,-1,1,-1,1,-1,1,-1,1,1,-1,-1,1,-1,1,1,1,-1,-1,-1,-1,1,-1,-1,-1,1,-1,-1,-1,1,-1,-1,-1,-1,1,1,-1,-1,1,1,-1,1,1,1,1,1,-1,-1,1,-1,-1,1,-1,-1,-1,-1,-1,1,1,1,-1,1,1,-1,-1,-1,-1,-1,1,-1,-1,-1,-1,1,1,1,-1,1,-1,1,1,1,-1,1,-1,-1,1,1,1,Casey,Robert,P.,Jr.,Bob,"Robert P. Casey, Jr.",1960-04-13,M,sen,PA,,1.0,Democrat,https://www.casey.senate.gov,393 Russell Senate Office Building Washington DC 20510,202-224-6324,https://www.casey.senate.gov/contact/,http://www.casey.senate.gov/rss/feeds/?all,SenBobCasey,SenatorBobCasey,SenatorBobCasey,UCtVssXhx-KuZa-hSvnsnJ0A,C001070,1828.0,N00027503,S309,S6PA00217,47036.0,412246,2541.0,"Bob Casey, Jr.",,40703.0,Bob Casey Jr.
C001075,1,1,1,1,1,1,1,1,1,1,1,1,1,1,1,1,1,1,1,1,1,1,1,1,-1,1,1,1,-1,1,1,1,1,1,1,1,1,-1,-1,1,1,1,1,-1,1,1,1,1,1,1,1,1,1,1,1,1,-1,1,1,1,1,-1,1,1,1,1,1,1,1,1,1,1,1,-1,1,1,-1,1,-1,1,1,1,1,1,1,1,-1,1,Cassidy,Bill,,,,Bill Cassidy,1957-09-28,M,sen,LA,,2.0,Republican,https://www.cassidy.senate.gov,520 Hart Senate Office Building Washington DC 20510,202-224-5824,https://www.cassidy.senate.gov/contact,,,,SenatorBillCassidy,UCCEyGhUzxgkxFzWCY-rxz8g,C001075,1925.0,N00030245,S373,"H8LA00017,S4LA00107",1030546.0,412269,69494.0,Bill Cassidy,,20919.0,Bill Cassidy
M001183,1,1,1,1,1,1,1,1,1,-1,-1,1,1,1,1,1,-1,-1,1,-1,1,1,-1,-1,-1,1,1,-1,1,-1,-1,-1,-1,1,1,1,1,1,1,1,1,1,1,1,1,-1,1,1,1,-1,-1,1,1,-1,-1,1,1,1,1,1,1,1,1,-1,1,1,-1,1,-1,1,-1,-1,1,1,1,1,1,1,1,1,1,1,1,-1,-1,1,1,1,Manchin,Joe,,III,,"Joe Manchin, III",1947-08-24,M,sen,WV,,1.0,Democrat,https://www.manchin.senate.gov,306 Hart Senate Office Building Washington DC 20510,202-224-3954,http://www.manchin.senate.gov/public/index.cfm/contact-form,http://www.manchin.senate.gov/public/index.cfm/rss/feed,Sen_JoeManchin,JoeManchinIII,SenatorJoeManchin,UCGyPK_ye2ptpzQgOjKIn7ag,M001183,1983.0,N00032838,S338,S0WV00090,62864.0,412391,7547.0,Joe Manchin III,,40915.0,Joe Manchin
B001267,-1,1,-1,1,-1,1,-1,1,1,-1,-1,1,-1,1,1,1,-1,-1,-1,-1,1,-1,-1,-1,1,-1,-1,-1,-1,-1,-1,-1,-1,-1,1,-1,-1,1,1,-1,1,1,1,1,1,-1,-1,1,-1,-1,1,1,-1,-1,-1,-1,1,1,1,-1,1,1,-1,-1,-1,-1,-1,1,-1,-1,-1,-1,1,1,1,1,1,-1,1,1,-1,-1,1,-1,-1,1,1,-1,Bennet,Michael,F.,,,Michael F. Bennet,1964-11-28,M,sen,CO,,3.0,Democrat,https://www.bennet.senate.gov/public,261 Russell Senate Office Building Washington DC 20510,202-224-5852,https://www.bennet.senate.gov/public/index.cfm/contact,http://www.bennet.senate.gov/rss/feeds/?type=news,SenatorBennet,senbennetco,SenatorBennet,UCXB3cljpMwTyCUyLr2ZVLow,B001267,1965.0,N00030608,S330,S0CO00211,1031622.0,412330,110942.0,Michael Bennet,,40910.0,Michael Bennet
B001261,1,-1,1,1,1,1,1,1,1,1,1,1,1,1,1,1,1,1,1,1,1,1,1,1,-1,1,1,1,1,1,1,1,1,1,1,1,1,-1,-1,1,1,-1,1,-1,1,1,1,1,1,1,1,1,1,1,1,1,-1,1,1,-1,-1,-1,1,1,1,1,1,1,1,1,1,1,1,-1,1,1,-1,1,-1,1,1,1,-1,1,1,1,-1,1,Barrasso,John,A.,,,John Barrasso,1952-07-21,M,sen,WY,,1.0,Republican,https://www.barrasso.senate.gov,307 Dirksen Senate Office Building Washington DC 20510,202-224-6441,https://www.barrasso.senate.gov/public/index.cfm/contact-form,http://www.barrasso.senate.gov/public/index.cfm?FuseAction=Rss.Feed,SenJohnBarrasso,johnbarrasso,barrassowyo,UC80PfiCAB2Fe1MFayWlR6GQ,B001261,1881.0,N00006236,S317,S6WY00068,1024777.0,412251,52662.0,John Barrasso,,40707.0,John Barrasso
S000320,1,-1,1,1,1,1,1,1,1,1,1,1,1,1,1,1,1,1,1,1,1,1,1,1,-1,1,1,1,1,1,1,1,1,1,1,1,1,-1,-1,1,1,1,1,-1,1,1,1,1,1,1,1,1,1,1,1,1,-1,1,1,1,-1,-1,1,1,1,1,1,1,1,1,1,1,1,-1,1,1,-1,1,1,1,1,1,1,1,1,1,-1,1,Shelby,Richard,C.,,,Richard C. Shelby,1934-05-06,M,sen,AL,,3.0,Republican,https://www.shelby.senate.gov,304 Russell Senate Office Building Washington DC 20510,202-224-5744,https://www.shelby.senate.gov/public/index.cfm/emailsenatorshelby,http://www.shelby.senate.gov/public/index.cfm/rss/feed,SenShelby,RichardShelby,SenatorRichardShelby,UCyMzDCRZrmhr_OGDjVuAeJw,S000320,1049.0,N00009920,S184,S6AL00013,1859.0,300089,53266.0,Richard Shelby,,94659.0,Richard Shelby
F000463,1,1,1,1,1,1,1,1,1,1,1,1,1,1,-1,-1,1,1,1,1,1,1,1,1,-1,1,1,1,1,1,1,1,1,1,1,1,1,-1,-1,1,1,1,1,-1,1,1,1,1,1,1,1,1,1,1,1,1,-1,1,1,1,1,-1,1,1,1,1,1,1,1,1,1,1,1,-1,1,1,-1,1,-1,1,1,1,1,1,1,1,-1,1,Fischer,Deb,,,,Deb Fischer,1951-03-01,F,sen,NE,,1.0,Republican,https://www.fischer.senate.gov,454 Russell Senate Office Building Washington DC 20510,202-224-6551,http://www.fischer.senate.gov/public/index.cfm/contact,http://www.fischer.senate.gov/public/index.cfm/rss/feed,SenatorFischer,senatordebfischer,senatordebfischer,UCrbEfZaG_WhB0PBHI1hefPQ,F000463,2179.0,N00033443,S357,S2NE00094,1034067.0,412556,41963.0,Deb Fischer,,41302.0,Deb Fischer
U000039,1,1,-1,-1,-1,1,-1,-1,-1,-1,-1,1,-1,1,1,1,-1,-1,-1,-1,-1,-1,-1,-1,1,-1,-1,-1,1,-1,-1,-1,-1,-1,1,-1,-1,1,1,-1,-1,1,1,1,1,-1,1,1,-1,-1,-1,1,-1,-1,-1,-1,-1,1,1,-1,1,1,-1,-1,-1,-1,-1,1,-1,-1,-1,-1,1,1,1,-1,1,-1,1,1,-1,-1,1,-1,-1,1,1,-1,Udall,Tom,S.,,,Tom Udall,1948-05-18,M,sen,NM,,2.0,Democrat,https://www.tomudall.senate.gov,531 Hart Senate Office Building Washington DC 20510,202-224-6621,https://www.tomudall.senate.gov/?p=contact,http://tomudall.senate.gov/rss/?p=blog,SenatorTomUdall,senatortomudall,senatortomudall,UCADpIVS6bxOcr-uWnJCC9pQ,U000039,1567.0,N00006561,S326,"H8NM03097,S8NM00184",10075.0,400413,22658.0,Tom Udall,,29924.0,Tom Udall
D000618,1,1,1,1,1,1,1,1,1,1,1,1,1,1,-1,-1,1,1,1,1,1,1,1,1,-1,1,1,1,-1,1,1,1,1,1,1,1,1,-1,1,1,1,1,1,-1,1,1,1,1,1,1,1,1,1,1,1,1,-1,1,1,-1,1,-1,1,1,1,1,1,1,1,1,1,1,1,-1,1,1,-1,0,-1,1,1,1,1,1,1,1,1,-1,Daines,Steve,,,,Steve Daines,1962-08-20,M,sen,MT,,2.0,Republican,https://www.daines.senate.gov,320 Hart Senate Office Building Washington DC 20510,202-224-2651,https://www.daines.senate.gov/connect/email-steve,,SteveDaines,SteveDainesMT,SteveDainesMT,UC-ny-W5mEUGytiyMdXbQ20Q,D000618,2138.0,N00033054,S375,"H2MT01060,S2MT00096",1034037.0,412549,135720.0,Steve Daines,,21338.0,Steve Daines
G000386,1,1,1,1,1,1,1,1,1,1,1,1,1,1,-1,-1,1,1,1,1,1,1,1,1,-1,1,1,1,-1,1,1,1,1,1,1,1,1,-1,-1,1,1,-1,1,-1,1,1,1,1,1,1,1,1,1,1,1,1,-1,1,1,1,1,-1,1,1,1,1,1,1,1,1,1,1,1,-1,1,1,-1,1,-1,1,1,1,1,1,1,1,-1,1,Grassley,Charles,E.,,Chuck,Chuck Grassley,1933-09-17,M,sen,IA,,3.0,Republican,https://www.grassley.senate.gov,135 Hart Senate Office Building Washington DC 20510,202-224-3744,http://www.grassley.senate.gov/contact,http://grassley.senate.gov/customcf/rss_feed.cfm,ChuckGrassley,grassley,senchuckgrassley,UCiCPRkcLMInpDeOqGkMTt4w,G000386,457.0,N00001758,S153,S0IA00028,1167.0,300048,53293.0,Chuck Grassley,,14226.0,Chuck Grassley
C000174,1,1,1,1,-1,1,-1,1,1,-1,-1,1,-1,1,1,1,-1,-1,-1,-1,1,-1,-1,-1,1,-1,-1,-1,1,-1,-1,-1,-1,-1,1,-1,-1,1,1,-1,1,1,1,1,1,-1,1,1,-1,-1,1,-1,-1,-1,-1,-1,1,1,1,-1,1,1,1,-1,-1,-1,-1,1,-1,-1,-1,-1,1,1,1,1,1,-1,1,1,-1,-1,1,-1,-1,1,1,1,Carper,Thomas,Richard,,,Thomas R. Carper,1947-01-23,M,sen,DE,,1.0,Democrat,https://www.carper.senate.gov/public,513 Hart Senate Office Building Washington DC 20510,202-224-2441,http://www.carper.senate.gov/public/index.cfm/email-senator-carper,http://www.carper.senate.gov/public/index.cfm/rss/feed,SenatorCarper,tomcarper,senatorcarper,UCgLnvbKwu4B3navofj6Qvvw,C000174,179.0,N00012508,S277,S8DE00079,663.0,300019,22421.0,Tom Carper,,15015.0,Tom Carper
P000449,1,1,1,1,1,1,1,1,1,1,1,1,1,1,1,1,1,1,1,1,1,1,1,1,-1,1,1,1,1,1,1,-1,1,1,1,1,1,-1,-1,1,1,1,1,-1,1,1,1,1,1,1,1,1,1,1,1,1,-1,1,1,1,1,-1,1,1,1,1,1,1,1,1,-1,1,1,-1,1,1,-1,1,1,1,1,1,1,1,1,1,-1,1,Portman,Robert,J.,,Rob,Rob Portman,1955-12-19,M,sen,OH,,3.0,Republican,https://www.portman.senate.gov,448 Russell Senate Office Building Washington DC 20510,202-224-3353,https://www.portman.senate.gov/public/index.cfm/contact?p=contact-form,http://www.portman.senate.gov/public/index.cfm/rss/feed,SenRobPortman,senrobportman,SenRobPortman,UCwunkd8Zs-yAWKQwnwBp7ew,P000449,924.0,N00003682,S349,"S0OH00133,H4OH02032",31819.0,400325,27008.0,Rob Portman,,29386.0,Rob Portman
C001088,1,1,1,1,-1,1,-1,1,1,-1,-1,1,-1,1,1,1,-1,-1,-1,-1,-1,-1,-1,-1,1,-1,-1,-1,1,-1,-1,-1,-1,-1,1,0,-1,1,1,-1,1,1,1,1,1,-1,-1,1,-1,-1,1,1,-1,-1,-1,-1,1,1,1,-1,1,1,1,-1,-1,-1,-1,1,-1,-1,-1,-1,1,1,1,1,1,-1,1,1,-1,-1,1,-1,-1,1,1,-1,Coons,Chris,Andrew,,,Christopher A. Coons,1963-09-09,M,sen,DE,,2.0,Democrat,https://www.coons.senate.gov,127A Russell Senate Office Building Washington DC 20510,202-224-5042,https://www.coons.senate.gov/contact,http://www.coons.senate.gov/rss/feeds/?type=all,ChrisCoons,senatorchriscoons,senatorchriscoons,UC2lOVbsddn1HIkcDnmCw6tA,C001088,1984.0,N00031820,S337,S0DE00092,9269028.0,412390,122834.0,Chris Coons,,40916.0,Chris Coons
H001075,-1,1,-1,-1,-1,-1,-1,-1,-1,-1,-1,1,-1,1,1,1,-1,-1,-1,-1,1,-1,-1,-1,1,-1,-1,-1,-1,-1,-1,-1,-1,-1,1,-1,-1,1,1,-1,1,1,1,1,1,-1,-1,1,-1,-1,-1,-1,-1,-1,-1,-1,-1,-1,-1,-1,1,1,-1,-1,-1,-1,-1,1,-1,-1,-1,-1,-1,1,-1,-1,1,-1,-1,1,-1,-1,1,-1,-1,1,1,-1,Harris,Kamala,,,,Kamala D. Harris,1964-10-20,F,sen,CA,,3.0,Democrat,https://www.harris.senate.gov,112 Hart Senate Office Building Washington DC 20510,202-224-3553,https://www.harris.senate.gov/contact,,SenKamalaHarris,SenatorKamalaHarris,,UCe1ciA1TDa5F9K6Ufr_6Fsw,H001075,,N00036915,S387,S6CA00584,1018696.0,412678,120012.0,Kamala Harris,,41701.0,Kamala Harris
H001076,1,1,-1,1,-1,1,1,1,1,-1,-1,1,-1,1,1,1,-1,-1,-1,-1,1,-1,-1,-1,1,-1,-1,-1,1,-1,-1,-1,-1,-1,1,-1,-1,1,1,-1,1,1,1,1,1,-1,-1,1,-1,-1,1,-1,-1,-1,-1,-1,1,1,1,-1,1,1,-1,-1,-1,-1,-1,1,-1,-1,-1,-1,1,1,1,1,1,-1,1,1,-1,-1,1,-1,-1,1,1,1,Hassan,Margaret,Wood,,Maggie,Margaret Wood Hassan,1958-02-27,F,sen,NH,,3.0,Democrat,https://www.hassan.senate.gov,330 Hart Senate Office Building Washington DC 20510,202-224-3324,https://www.hassan.senate.gov/content/contact-senator,,Senatorhassan,SenatorHassan,,,H001076,,N00038397,S388,S6NH00091,67481.0,412680,42552.0,Maggie Hassan,,41702.0,Maggie Hassan
F000062,-1,1,-1,1,-1,1,1,1,1,-1,-1,1,-1,1,1,1,0,-1,-1,-1,1,-1,-1,-1,1,-1,-1,-1,-1,-1,-1,-1,-1,-1,1,-1,-1,1,1,-1,1,1,1,1,1,-1,-1,1,-1,-1,1,-1,-1,-1,-1,-1,1,-1,-1,-1,1,1,-1,-1,-1,-1,-1,1,-1,-1,-1,-1,1,1,1,-1,1,-1,-1,1,-1,-1,1,-1,-1,1,1,1,Feinstein,Dianne,,,,Dianne Feinstein,1933-06-22,F,sen,CA,,1.0,Democrat,https://www.feinstein.senate.gov,331 Hart Senate Office Building Washington DC 20510,202-224-3841,https://www.feinstein.senate.gov/public/index.cfm/e-mail-me,http://www.feinstein.senate.gov/public/?a=rss.feed,SenFeinstein,senatorfeinstein,SenatorFeinstein,UCtVC--6LR0ff2aOP8THpuEw,F000062,1332.0,N00007364,S221,S0CA00199,13061.0,300043,53273.0,Dianne Feinstein,,49300.0,Dianne Feinstein
Y000064,1,1,1,1,1,1,1,1,1,1,-1,1,1,1,1,1,1,1,1,1,1,1,1,1,1,1,1,1,1,1,1,1,1,1,1,1,1,-1,-1,1,1,1,1,-1,1,1,1,1,1,1,1,1,1,1,1,1,-1,1,1,1,1,-1,1,1,1,1,1,1,1,1,1,1,1,-1,1,1,-1,1,1,1,1,1,1,1,1,1,1,1,Young,Todd,C.,,,Todd Young,1972-08-24,M,sen,IN,,3.0,Republican,https://www.young.senate.gov,400 Russell Senate Office Building Washington DC 20510,202-224-5623,https://www.young.senate.gov/contact,,SenToddYoung,SenatorToddYoung,RepToddYoung,UCuknj4PGn91gHDNAfboZEgQ,Y000064,2019.0,N00030670,S391,"H0IN09070,S6IN00191",1033743.0,412428,120345.0,Todd Young,,21133.0,Todd Young
I000024,1,1,1,1,1,1,1,1,1,1,1,1,1,1,1,1,1,1,1,1,1,1,1,1,-1,1,1,1,1,1,1,1,1,1,1,1,1,-1,-1,1,1,1,1,-1,1,1,1,1,1,1,1,1,1,1,1,1,-1,1,1,-1,-1,-1,1,1,1,1,1,-1,1,1,1,1,1,-1,1,1,-1,1,1,1,1,1,-1,1,1,1,-1,1,Inhofe,James,M.,,Jim,James M. Inhofe,1934-11-17,M,sen,OK,,2.0,Republican,https://www.inhofe.senate.gov,205 Russell Senate Office Building Washington DC 20510,202-224-4721,https://www.inhofe.senate.gov/contact,http://www.inhofe.senate.gov/rss/feeds/?type=all&amp;cachebuster=eea6c4d7%2d939c%2d5c1e%2db6c7aa3b8b291208,InhofePress,jiminhofe,jiminhofepressoffice,UCk3W3ilX8vGG-300qzNpG7w,I000024,583.0,N00005582,S236,"S4OK00083,H6OK01102",5619.0,300055,27027.0,Jim Inhofe,,15424.0,Jim Inhofe
W000779,-1,1,-1,-1,-1,1,-1,-1,-1,-1,-1,-1,-1,1,1,1,-1,-1,-1,-1,1,-1,-1,-1,1,-1,-1,-1,-1,-1,-1,-1,-1,-1,1,-1,-1,1,1,-1,-1,1,1,1,1,-1,-1,1,-1,-1,-1,1,-1,-1,-1,-1,1,-1,-1,-1,1,1,-1,-1,-1,-1,-1,1,-1,-1,-1,-1,1,1,-1,-1,1,-1,1,1,-1,-1,1,-1,-1,1,1,-1,Wyden,Ron,,,,Ron Wyden,1949-05-03,M,sen,OR,,3.0,Democrat,https://www.wyden.senate.gov,221 Dirksen Senate Office Building Washington DC 20510,202-224-5244,https://www.wyden.senate.gov/contact/,http://www.wyden.senate.gov/rss/feeds/?type=all&amp;,RonWyden,,senronwyden,UCsd3UEaoLoqX60P88BdpGGw,W000779,1247.0,N00007724,S247,"S6OR00110,H0OR03026",1962.0,300100,27036.0,Ron Wyden,,14871.0,Ron Wyden
W000805,1,1,1,1,-1,1,1,1,1,-1,-1,1,-1,1,1,1,-1,-1,-1,-1,1,-1,-1,-1,-1,-1,-1,-1,1,-1,-1,-1,-1,-1,1,1,-1,1,1,1,1,1,1,1,1,-1,1,1,1,-1,1,1,-1,-1,-1,-1,1,1,1,-1,1,1,-1,-1,1,-1,-1,1,-1,-1,-1,-1,1,1,1,1,1,-1,1,1,-1,-1,1,-1,-1,1,1,1,Warner,Mark,,,,Mark R. Warner,1954-12-15,M,sen,VA,,2.0,Democrat,https://www.warner.senate.gov,703 Hart Senate Office Building Washington DC 20510,202-224-2023,http://www.warner.senate.gov/public/index.cfm?p=Contact,http://www.warner.senate.gov/public/?a=rss.feed,MarkWarner,MarkRWarner,SenatorMarkWarner,UCwyivNlEGf4sGd1oDLfY5jw,W000805,1897.0,N00002097,S327,"S6VA00093,P80003023",7630.0,412321,535.0,Mark Warner,,40909.0,Mark Warner
P000595,1,1,-1,1,-1,1,-1,1,1,-1,-1,1,-1,1,1,1,-1,-1,-1,-1,1,-1,-1,-1,1,-1,-1,-1,1,-1,-1,-1,-1,-1,1,-1,-1,1,1,-1,1,1,1,1,1,-1,-1,1,-1,-1,1,-1,-1,-1,-1,-1,1,1,1,-1,1,1,-1,-1,0,-1,-1,1,-1,-1,-1,-1,1,1,1,1,1,-1,1,1,-1,-1,1,-1,-1,1,1,1,Peters,Gary,C.,,,Gary C. Peters,1958-12-01,M,sen,MI,,2.0,Democrat,https://www.peters.senate.gov,724 Hart Senate Office Building Washington DC 20510,202-224-6221,https://www.peters.senate.gov/contact/email-gary,,SenGaryPeters,SenGaryPeters,RepGaryPeters,UC7LYNbnKSK2VZqQ98YROWHQ,P000595,1929.0,N00029277,S380,"H8MI09068,S4MI00355",50199.0,412305,8749.0,Gary Peters,,20923.0,Gary Peters
M000133,-1,1,-1,-1,-1,-1,-1,1,-1,-1,-1,-1,-1,1,1,1,-1,-1,-1,-1,1,-1,-1,-1,1,-1,-1,-1,-1,-1,-1,-1,-1,-1,1,-1,-1,1,1,-1,-1,1,1,1,1,-1,-1,1,-1,-1,-1,-1,-1,0,-1,-1,1,-1,-1,-1,1,1,-1,-1,-1,-1,-1,1,-1,-1,-1,-1,-1,1,-1,-1,1,-1,-1,1,-1,-1,1,-1,-1,1,1,-1,Markey,Edward,J.,,Ed,Edward J. Markey,1946-07-11,M,sen,MA,,2.0,Democrat,https://www.markey.senate.gov,255 Dirksen Senate Office Building Washington DC 20510,202-224-2742,https://www.markey.senate.gov/contact,,SenMarkey,EdJMarkey,RepMarkey,UCT1ujew5yQy2uMhGrjiKHoA,M000133,735.0,N00000270,S369,"H6MA07101,S4MA00028",260.0,400253,26900.0,Ed Markey,,14435.0,Ed Markey
C001098,1,1,1,1,1,1,1,1,1,1,1,1,1,1,1,-1,1,1,1,1,1,1,1,1,-1,1,1,1,1,1,1,1,1,1,1,1,1,-1,-1,1,1,1,1,-1,1,1,1,1,1,1,1,1,1,1,1,1,-1,1,1,-1,1,-1,1,1,1,1,1,1,1,1,1,1,-1,-1,1,1,-1,1,-1,1,1,1,1,1,1,1,-1,1,Cruz,Ted,,,,Ted Cruz,1970-12-22,M,sen,TX,,1.0,Republican,https://www.cruz.senate.gov,404 Russell Senate Office Building Washington DC 20510,202-224-5922,https://www.cruz.senate.gov/?p=form&id=16,,SenTedCruz,SenatorTedCruz,sentedcruz,UCOTZ-6H1rri1lSsj6IzhUyw,C001098,2175.0,N00033085,S355,S2TX00312,1019953.0,412573,135705.0,Ted Cruz,,41304.0,Ted Cruz
C001095,1,-1,1,1,1,1,1,1,1,1,1,1,1,1,1,-1,1,1,1,1,1,1,1,1,-1,1,1,1,1,1,1,1,1,1,1,1,1,-1,1,1,1,-1,1,-1,1,1,1,1,1,1,1,1,1,1,1,-1,-1,1,1,1,-1,-1,1,1,1,1,1,-1,1,1,1,1,1,-1,1,1,-1,1,-1,1,1,1,1,1,1,1,-1,1,Cotton,Tom,,,,Tom Cotton,1977-05-13,M,sen,AR,,2.0,Republican,https://www.cotton.senate.gov,124 Russell Senate Office Building Washington DC 20510,202-224-2353,http://www.cotton.senate.gov/?p=contact,,SenTomCotton,SenatorTomCotton,RepTomCotton,UCXEk6mokWBajIpNatbjnwSg,C001095,2098.0,N00033363,S374,"H2AR04083,S4AR00103",63928.0,412508,135651.0,Tom Cotton,,21301.0,Tom Cotton
B000944,-1,1,-1,-1,-1,1,-1,1,1,-1,-1,1,-1,1,1,1,-1,-1,-1,-1,1,-1,-1,-1,1,-1,-1,-1,1,-1,-1,-1,-1,-1,1,-1,-1,1,1,-1,1,1,1,1,1,-1,-1,1,1,-1,1,1,-1,-1,-1,-1,1,1,0,-1,1,1,-1,-1,-1,-1,-1,1,-1,-1,-1,-1,1,1,1,-1,1,-1,1,1,-1,-1,1,-1,-1,1,1,-1,Brown,Sherrod,,,,Sherrod Brown,1952-11-09,M,sen,OH,,1.0,Democrat,https://www.brown.senate.gov,503 Hart Senate Office Building Washington DC 20510,202-224-2315,http://www.brown.senate.gov/contact/,http://www.brown.senate.gov/rss/feeds/?type=all&amp;,SenSherrodBrown,SenatorSherrodBrown,SherrodBrownOhio,UCgy8jfERh-t_ixkKKoCmglQ,B000944,136.0,N00003535,S307,"H2OH13033,S6OH00163",5051.0,400050,27018.0,Sherrod Brown,,29389.0,Sherrod Brown
C000141,-1,1,-1,1,-1,1,-1,1,1,-1,-1,1,-1,1,1,1,-1,-1,-1,-1,1,-1,-1,-1,1,-1,-1,-1,1,-1,-1,-1,-1,-1,1,-1,-1,1,1,-1,1,1,1,1,1,-1,-1,1,-1,-1,-1,-1,-1,-1,-1,-1,1,1,1,-1,1,1,-1,-1,-1,-1,-1,1,-1,-1,-1,-1,1,1,1,-1,1,-1,1,1,-1,-1,1,-1,-1,1,1,-1,Cardin,Benjamin,L.,,,Benjamin L. Cardin,1943-10-05,M,sen,MD,,1.0,Democrat,https://www.cardin.senate.gov,509 Hart Senate Office Building Washington DC 20510,202-224-4524,http://www.cardin.senate.gov/contact/,http://www.cardin.senate.gov/rss/feeds/?type=all,SenatorCardin,senatorbencardin,senatorcardin,UCiQaJnMzlfzzG3VESgyZChA,C000141,174.0,N00001955,S308,"H6MD03177,S6MD03177",4004.0,400064,26888.0,Ben Cardin,,15408.0,Ben Cardin
H001061,1,1,1,1,1,1,1,1,1,1,1,1,1,1,1,1,1,1,1,1,1,1,1,1,-1,1,1,1,1,1,1,1,1,1,1,1,1,-1,-1,1,1,1,1,-1,1,1,1,1,1,1,1,1,1,1,1,1,-1,1,1,1,1,-1,1,1,1,1,1,1,1,1,1,1,1,-1,1,1,-1,1,1,1,1,1,1,1,1,1,-1,1,Hoeven,John,,,,John Hoeven,1957-03-13,M,sen,ND,,3.0,Republican,https://www.hoeven.senate.gov,338 Russell Senate Office Building Washington DC 20510,202-224-2551,http://www.hoeven.senate.gov/public/index.cfm/email-the-senator,http://www.hoeven.senate.gov/public/index.cfm/rss/feed,SenJohnHoeven,SenatorJohnHoeven,senatorjohnhoevennd,UC1kQIC2Q_Fq9_NRqdb6eHiw,H001061,2079.0,N00031688,S344,S0ND00093,85233.0,412494,41788.0,John Hoeven,,41107.0,John Hoeven
R000122,-1,1,1,-1,-1,-1,1,1,1,-1,-1,1,-1,1,1,1,-1,-1,-1,-1,1,-1,-1,-1,1,-1,-1,-1,1,-1,-1,-1,-1,-1,1,-1,-1,1,1,-1,1,1,1,1,1,-1,-1,1,-1,-1,-1,-1,-1,-1,-1,-1,1,1,1,-1,1,1,-1,-1,-1,-1,-1,1,-1,-1,-1,-1,1,1,-1,-1,1,-1,1,1,-1,-1,1,-1,-1,1,1,1,Reed,John,F.,,Jack,Jack Reed,1949-11-12,M,sen,RI,,2.0,Democrat,https://www.reed.senate.gov,728 Hart Senate Office Building Washington DC 20510,202-224-4642,https://www.reed.senate.gov/contact/,https://www.reed.senate.gov//rss/feeds/?type=all,SenJackReed,SenJackReed,SenatorReed,UCT_aFVtsjxPwWKfO-PW_hPw,R000122,949.0,N00000362,S259,"S6RI00163,H0RI02071",24239.0,300081,27060.0,Jack Reed,,29142.0,Jack Reed (Rhode Island politician)
M000639,-1,1,-1,1,-1,1,-1,1,1,-1,-1,1,-1,1,0,1,-1,-1,-1,-1,1,-1,-1,-1,1,-1,-1,-1,1,-1,-1,-1,-1,-1,1,-1,-1,1,1,-1,1,1,1,1,1,-1,-1,1,-1,-1,-1,-1,-1,-1,-1,-1,1,-1,1,-1,0,1,-1,-1,1,-1,-1,1,-1,-1,-1,-1,1,1,-1,-1,1,-1,1,1,-1,-1,1,-1,-1,1,1,-1,Menendez,Robert,,,Bob,Robert Menendez,1954-01-01,M,sen,NJ,,1.0,Democrat,https://www.menendez.senate.gov,528 Hart Senate Office Building Washington DC 20510,202-224-4744,https://www.menendez.senate.gov/contact,http://www.menendez.senate.gov/rss/feeds/index.cfm?type=news,SenatorMenendez,senatormenendez,SenatorMenendezNJ,UC0PV0K9Z5a9p3D5917KF5fw,M000639,791.0,N00000699,S306,"H2NJ13075,S6NJ00289",29608.0,400272,26961.0,Bob Menendez,,29373.0,Bob Menendez
R000307,1,1,1,1,1,1,1,1,1,1,1,1,1,1,1,1,1,1,1,1,1,1,1,1,-1,1,1,1,1,1,1,1,1,1,1,1,1,-1,-1,1,1,1,1,-1,1,1,1,1,1,1,1,1,1,1,1,1,-1,1,1,1,1,-1,1,1,1,1,1,1,1,1,1,1,1,-1,1,1,-1,1,1,1,1,1,1,1,1,1,-1,1,Roberts,Pat,,,,Pat Roberts,1936-04-20,M,sen,KS,,2.0,Republican,https://www.roberts.senate.gov,109 Hart Senate Office Building Washington DC 20510,202-224-4774,https://www.roberts.senate.gov/public/?p=EmailPat,http://www.roberts.senate.gov/public/?a=rss.feed,SenPatRoberts,SenPatRoberts,SenPatRoberts,UCRpswvC8LgxzE9AYSFpqUgw,R000307,968.0,N00005285,S260,"S6KS00080,H0KS01016",16354.0,300083,26866.0,Pat Roberts,,14852.0,Pat Roberts
K000384,1,1,-1,1,-1,1,1,1,1,-1,-1,1,-1,1,1,1,-1,-1,-1,-1,1,-1,-1,-1,1,-1,-1,-1,1,-1,-1,-1,-1,-1,1,-1,-1,1,1,-1,1,1,1,1,1,-1,-1,1,-1,-1,1,1,-1,-1,-1,-1,1,1,1,-1,1,1,-1,-1,-1,-1,-1,1,-1,-1,-1,-1,1,1,1,1,1,-1,1,1,-1,-1,1,-1,-1,1,1,1,Kaine,Timothy,,,Tim,Tim Kaine,1958-02-26,M,sen,VA,,1.0,Democrat,https://www.kaine.senate.gov,231 Russell Senate Office Building Washington DC 20510,202-224-4024,https://www.kaine.senate.gov/contact,http://www.kaine.senate.gov/rss/feeds/?type=all,,SenatorKaine,SenatorTimKaine,UC27LgTZlUnBQoNEQFZdn9LA,K000384,2176.0,N00033177,S362,S2VA00142,49219.0,412582,50772.0,Tim Kaine,,41305.0,Tim Kaine
W000817,-1,1,-1,-1,-1,-1,-1,-1,-1,-1,-1,-1,-1,1,1,1,-1,-1,-1,-1,1,-1,-1,-1,1,-1,-1,-1,-1,-1,-1,-1,-1,-1,1,-1,-1,1,1,-1,-1,1,1,1,1,-1,-1,-1,-1,-1,-1,-1,-1,-1,-1,-1,1,-1,-1,-1,1,1,-1,-1,-1,-1,-1,1,-1,-1,-1,-1,-1,1,-1,-1,1,-1,-1,1,-1,-1,1,-1,-1,1,1,-1,Warren,Elizabeth,,,,Elizabeth Warren,1949-06-22,F,sen,MA,,1.0,Democrat,https://www.warren.senate.gov,317 Hart Senate Office Building Washington DC 20510,202-224-4543,https://www.warren.senate.gov/?p=email_senator,http://www.warren.senate.gov/rss/?p=hot_topic,SenWarren,senatorelizabethwarren,senelizabethwarren,UCTH9zV8Imw09J5bOoTR18_A,W000817,2182.0,N00033492,S366,S2MA00170,1023023.0,412542,141272.0,Elizabeth Warren,,41301.0,Elizabeth Warren
B001230,-1,1,-1,-1,-1,1,-1,1,-1,-1,-1,1,-1,1,1,1,-1,-1,-1,-1,1,-1,-1,-1,1,-1,-1,-1,1,-1,-1,-1,-1,-1,1,-1,-1,1,1,-1,-1,1,1,1,1,-1,-1,1,-1,-1,-1,-1,-1,-1,-1,-1,1,1,1,-1,1,1,-1,-1,-1,-1,-1,1,-1,-1,-1,-1,1,1,1,-1,1,-1,1,1,0,-1,1,-1,-1,1,1,-1,Baldwin,Tammy,,,,Tammy Baldwin,1962-02-11,F,sen,WI,,1.0,Democrat,https://www.baldwin.senate.gov,709 Hart Senate Office Building Washington DC 20510,202-224-5653,https://www.baldwin.senate.gov/feedback,http://www.baldwin.senate.gov/rss/feeds/?type=all,SenatorBaldwin,senatortammybaldwin,witammybaldwin,UC_XjYCRbbI2_TDDjJidwk0Q,B001230,1558.0,N00004367,S354,"H8WI00018,S2WI00219",57884.0,400013,3470.0,Tammy Baldwin,,29940.0,Tammy Baldwin
E000295,1,1,1,1,1,1,1,1,1,1,1,1,1,1,-1,-1,1,1,1,1,1,1,1,1,-1,1,1,1,1,1,1,1,1,1,1,1,1,-1,-1,1,1,1,1,-1,1,1,1,1,1,1,1,1,1,1,1,1,-1,1,1,1,1,-1,1,1,1,1,1,1,1,1,1,1,-1,-1,1,1,-1,1,-1,1,1,1,1,1,1,1,-1,1,Ernst,Joni,,,,Joni Ernst,1970-07-01,F,sen,IA,,2.0,Republican,https://www.ernst.senate.gov/public,111 Russell Senate Office Building Washington DC 20510,202-224-3254,https://www.ernst.senate.gov/public/index.cfm/contact,,SenJoniErnst,senjoniernst,,UCLwrmtF_84FIcK3TyMs4MIw,E000295,2283.0,N00035483,S376,S4IA00129,75342.0,412667,128583.0,,,41502.0,Joni Ernst
A000360,1,1,0,1,1,1,1,1,0,1,1,1,1,1,1,1,1,1,1,1,1,1,1,1,-1,1,1,1,1,1,1,1,1,0,1,1,1,-1,-1,1,0,1,1,-1,1,1,1,1,1,1,1,1,1,1,1,1,1,1,1,1,1,-1,1,1,1,1,1,0,1,1,-1,1,1,-1,1,1,1,1,1,1,1,1,1,1,1,1,-1,1,Alexander,Lamar,,,,Lamar Alexander,1940-07-03,M,sen,TN,,2.0,Republican,https://www.alexander.senate.gov/public,455 Dirksen Senate Office Building Washington DC 20510,202-224-4944,http://www.alexander.senate.gov/public/index.cfm?p=Email,http://www.alexander.senate.gov/public/?a=rss.feed,SenAlexander,senatorlamaralexander,lamaralexander,UChDLBjn5RWqgMmCSswT05IQ,A000360,1695.0,N00009888,S289,"S2TN00058,P60003225",5.0,300002,15691.0,Lamar Alexander,,40304.0,Lamar Alexander
M001153,1,-1,1,1,1,0,1,1,1,1,1,1,1,1,1,1,1,1,1,1,1,1,1,-1,-1,1,1,1,1,1,1,1,-1,-1,1,1,1,-1,-1,1,1,-1,1,1,1,-1,1,1,1,1,1,1,1,1,1,1,1,1,1,-1,1,-1,1,1,1,1,1,1,1,1,-1,1,1,-1,1,1,1,0,1,1,-1,1,1,-1,1,1,-1,-1,Murkowski,Lisa,A.,,,Lisa Murkowski,1957-05-22,F,sen,AK,,3.0,Republican,https://www.murkowski.senate.gov,522 Hart Senate Office Building Washington DC 20510,202-224-6665,https://www.murkowski.senate.gov/public/index.cfm/contact,http://www.murkowski.senate.gov/public/?a=rss.feed,LisaMurkowski,SenLisaMurkowski,senatormurkowski,UCaigku16AErqvD0wRuwGb9A,M001153,1694.0,N00026050,S288,S4AK00099,1004138.0,300075,15841.0,Lisa Murkowski,,40300.0,Lisa Murkowski
S000033,-1,1,-1,-1,-1,-1,-1,1,-1,-1,-1,1,-1,-1,1,1,-1,-1,-1,-1,-1,-1,-1,-1,1,-1,-1,-1,-1,-1,-1,-1,-1,-1,1,-1,-1,1,0,-1,-1,1,1,1,1,-1,-1,-1,-1,-1,-1,-1,-1,-1,-1,-1,1,-1,-1,-1,1,1,-1,-1,-1,-1,-1,1,-1,-1,-1,-1,-1,1,-1,-1,1,-1,-1,-1,-1,-1,1,-1,-1,1,1,-1,Sanders,Bernard,,,Bernie,Bernard Sanders,1941-09-08,M,sen,VT,,1.0,Independent,https://www.sanders.senate.gov,332 Dirksen Senate Office Building Washington DC 20510,202-224-5141,http://www.sanders.senate.gov/contact/,http://www.sanders.senate.gov/rss/,SenSanders,senatorsanders,senatorsanders,UCD_DaKNac0Ta-2PeHuoQ1uA,S000033,1010.0,N00000528,S313,"H8VT01016,S4VT00033",994.0,400357,27110.0,Bernie Sanders,,29147.0,Bernie Sanders
T000250,1,1,1,1,1,1,1,1,1,1,1,1,1,1,1,1,1,1,1,1,1,1,1,1,-1,1,1,1,1,1,1,1,1,1,1,1,1,-1,-1,1,1,1,1,-1,1,1,1,1,1,1,1,1,1,1,1,1,-1,1,1,-1,1,-1,1,1,1,1,1,1,1,1,1,1,1,-1,1,1,-1,1,1,1,1,1,1,1,1,1,-1,1,Thune,John,,,,John Thune,1961-01-07,M,sen,SD,,3.0,Republican,https://www.thune.senate.gov,511 Dirksen Senate Office Building Washington DC 20510,202-224-2321,http://www.thune.senate.gov/public/index.cfm/contact,http://www.thune.senate.gov/public/index.cfm/rss/feed,SenJohnThune,,johnthune,UCRu6lpRfxhkDGUrKDgQNZYQ,T000250,1534.0,N00004572,S303,"S2SD00068,H6SD00085",45552.0,400546,398.0,John Thune,,29754.0,John Thune
B001236,1,1,1,1,1,1,1,1,1,1,1,1,1,1,1,1,1,1,1,1,1,1,1,1,-1,1,1,1,1,1,1,1,1,1,1,1,1,-1,1,1,1,1,1,-1,1,1,1,1,1,1,1,1,1,1,1,1,-1,1,1,1,1,-1,1,1,1,1,1,1,1,1,1,1,1,-1,1,1,-1,1,1,1,1,1,1,1,1,1,-1,1,Boozman,John,,,,John Boozman,1950-12-10,M,sen,AR,,3.0,Republican,https://www.boozman.senate.gov/public,141 Hart Senate Office Building Washington DC 20510,202-224-4843,https://www.boozman.senate.gov/public/index.cfm/contact,http://www.boozman.senate.gov/public/index.cfm/rss/feed,JohnBoozman,JohnBoozman,BoozmanPressOffice,UC9vWHKL5OfIYh6kIV0rF2yw,B001236,1687.0,N00013873,S343,"H2AR03176,S0AR00150",92069.0,400040,27958.0,John Boozman,,20101.0,John Boozman
K000383,1,1,1,1,-1,1,1,1,1,-1,-1,1,1,1,1,1,-1,-1,-1,-1,1,-1,-1,-1,1,1,-1,-1,1,-1,-1,-1,-1,-1,1,1,-1,1,1,-1,1,1,1,1,1,-1,1,1,1,-1,1,1,-1,-1,-1,-1,1,1,1,-1,1,1,1,-1,1,1,-1,1,-1,-1,-1,-1,1,1,1,1,1,-1,1,1,-1,-1,1,-1,-1,1,1,1,King,Angus,,,,"Angus S. King, Jr.",1944-03-31,M,sen,ME,,1.0,Independent,https://www.king.senate.gov,133 Hart Senate Office Building Washington DC 20510,202-224-5344,https://www.king.senate.gov/contact,http://www.king.senate.gov/rss/feeds/?type=all,SenAngusKing,SenatorAngusSKingJr,SenatorAngusKing,UCpp6lGvrmt0XU_lnD4Ak0gA,K000383,2185.0,N00034580,S363,S2ME00109,37413.0,412545,22381.0,Angus King,,41300.0,Angus King
T000464,1,1,1,1,-1,1,-1,1,1,-1,-1,1,-1,1,1,1,-1,-1,-1,-1,1,-1,-1,-1,1,1,-1,-1,1,-1,-1,-1,-1,-1,1,-1,-1,1,1,-1,-1,1,1,1,1,-1,1,1,1,-1,1,1,-1,-1,-1,-1,1,-1,1,-1,1,1,-1,-1,1,1,-1,1,-1,-1,-1,-1,1,1,1,1,1,-1,1,1,-1,-1,1,-1,-1,1,1,-1,Tester,Jon,,,,Jon Tester,1956-08-21,M,sen,MT,,1.0,Democrat,https://www.tester.senate.gov,311 Hart Senate Office Building Washington DC 20510,202-224-2644,https://www.tester.senate.gov/?p=email_senator,http://www.tester.senate.gov/rss/?p=hot_topic,SenatorTester,senatortester,senatorjontester,UCgXAF-CON1coZFMxQkfj0fg,T000464,1829.0,N00027605,S314,S6MT00162,1020176.0,412244,20928.0,Jon Tester,,40702.0,Jon Tester
W000802,-1,1,-1,-1,-1,-1,1,1,1,-1,-1,1,-1,1,1,1,-1,-1,-1,-1,1,-1,-1,-1,1,-1,-1,-1,1,-1,-1,-1,-1,-1,1,-1,-1,1,1,-1,1,1,1,1,1,-1,-1,1,-1,-1,-1,-1,-1,-1,-1,-1,1,1,1,-1,1,1,-1,-1,-1,-1,-1,1,-1,-1,-1,-1,1,1,-1,-1,1,-1,1,1,-1,-1,1,-1,-1,1,1,1,Whitehouse,Sheldon,,,,Sheldon Whitehouse,1955-10-20,M,sen,RI,,1.0,Democrat,https://www.whitehouse.senate.gov,530 Hart Senate Office Building Washington DC 20510,202-224-2921,https://www.whitehouse.senate.gov/contact/email-sheldon,http://www.whitehouse.senate.gov/rss/feeds/?type=all&amp;cachebuster=1,SenWhitehouse,SenatorWhitehouse,SenatorWhitehouse,UCnG0N70SNBkNqvIMLodPTIA,W000802,1823.0,N00027533,S316,S6RI00221,92235.0,412247,2572.0,Sheldon Whitehouse,,40704.0,Sheldon Whitehouse
T000461,1,1,1,1,1,1,1,1,1,1,1,1,1,1,-1,-1,1,1,1,1,1,1,1,1,-1,1,1,1,-1,1,1,1,1,1,1,1,1,-1,-1,1,1,-1,1,-1,1,1,1,1,1,1,1,1,1,1,1,1,-1,1,1,1,-1,-1,1,1,0,1,1,-1,1,1,1,1,0,-1,1,1,-1,1,0,1,1,1,1,1,1,1,-1,1,Toomey,Patrick,J.,,Pat,Patrick J. Toomey,1961-11-17,M,sen,PA,,3.0,Republican,https://www.toomey.senate.gov,248 Russell Senate Office Building Washington DC 20510,202-224-4254,https://www.toomey.senate.gov/?p=contact,http://toomey.senate.gov/rss/?p=hot_topic,SenToomey,senatortoomey,sentoomey,UCDUM4FFU1p-_YuHqmBglyXw,T000461,2085.0,N00001489,S351,"S4PA00121,H8PA15096",7958.0,400408,24096.0,Pat Toomey,,29935.0,Pat Toomey
E000285,1,-1,1,1,1,1,1,1,1,1,1,1,1,1,-1,1,1,1,1,1,1,1,1,1,-1,1,1,1,-1,1,1,1,1,1,1,1,1,-1,-1,1,1,-1,1,-1,1,1,1,1,1,1,1,1,1,1,1,1,-1,1,1,-1,-1,-1,1,1,1,1,1,1,1,1,1,1,1,-1,1,1,-1,1,-1,1,1,1,-1,1,1,1,-1,1,Enzi,Michael,B.,,,Michael B. Enzi,1944-02-01,M,sen,WY,,2.0,Republican,https://www.enzi.senate.gov,379A Russell Senate Office Building Washington DC 20510,202-224-3424,http://www.enzi.senate.gov/public/index.cfm/contact?p=e-mail-senator-enzi,http://www.enzi.senate.gov/public/index.cfm/rss/feed,SenatorEnzi,mikeenzi,senatorenzi,UCipEXEDAKVPj_B0cQjaikEA,E000285,1542.0,N00006249,S254,S6WY00126,45824.0,300041,558.0,Mike Enzi,,49706.0,Mike Enzi
K000393,1,-1,1,1,1,1,1,1,1,1,1,1,1,1,1,-1,1,1,1,1,1,1,1,1,-1,1,1,-1,-1,1,1,1,1,1,1,1,1,-1,1,1,1,-1,1,1,1,1,1,1,1,1,1,1,1,1,1,1,-1,1,0,-1,1,-1,1,1,1,1,1,1,1,1,1,1,1,-1,1,1,-1,1,-1,1,1,1,1,1,1,1,-1,1,Kennedy,John,Neely,,,John Kennedy,1951-11-21,M,sen,LA,,3.0,Republican,https://www.kennedy.senate.gov/public,383 Russell Senate Office Building Washington DC 20510,202-224-4623,https://www.kennedy.senate.gov/public/email-me,,SenJohnKennedy,JohnKennedyLouisiana,,,K000393,,N00026823,S389,S4LA00065,1011723.0,412679,35496.0,John Neely Kennedy,,41703.0,John Kennedy (Louisiana politician)
D000563,-1,1,-1,-1,-1,1,-1,1,1,-1,0,1,-1,1,1,0,-1,-1,-1,-1,1,-1,-1,-1,1,-1,-1,-1,1,-1,-1,-1,-1,-1,1,-1,-1,1,1,-1,-1,1,1,1,1,-1,-1,1,-1,-1,-1,-1,-1,-1,-1,-1,1,1,1,-1,1,1,-1,-1,-1,-1,-1,1,-1,-1,-1,-1,1,1,1,-1,1,-1,1,1,-1,-1,1,-1,-1,1,1,-1,Durbin,Richard,J.,,,Richard J. Durbin,1944-11-21,M,sen,IL,,2.0,Democrat,https://www.durbin.senate.gov,711 Hart Senate Office Building Washington DC 20510,202-224-2152,https://www.durbin.senate.gov/contact/,http://durbin.senate.gov/public/index.cfm/rss/feed,SenatorDurbin,SenatorDurbin,SenatorDurbin,UCkbixlNCxcKAffEhe3X5-lw,D000563,326.0,N00004981,S253,"S6IL00151,H2IL20026",6741.0,300038,26847.0,Dick Durbin,,15021.0,Dick Durbin
B001135,1,1,1,1,1,1,1,1,1,1,1,0,1,1,1,1,1,1,1,1,1,1,1,1,-1,1,1,1,-1,1,1,1,1,0,1,1,1,-1,-1,1,1,1,1,-1,1,1,1,1,1,1,1,1,1,1,1,1,-1,1,0,1,1,-1,1,1,1,1,1,-1,1,1,1,-1,1,-1,1,1,0,1,0,1,1,1,1,1,1,1,-1,1,Burr,Richard,M.,,,Richard Burr,1955-11-30,M,sen,NC,,3.0,Republican,https://www.burr.senate.gov,217 Russell Senate Office Building Washington DC 20510,202-224-3154,https://www.burr.senate.gov/contact/email,http://www.burr.senate.gov/public/index.cfm?fuseaction=rss.feed,SenatorBurr,SenatorRichardBurr,SenatorRichardBurr,UCOLLZpp-1womBSFDV2uLfag,B001135,153.0,N00002221,S300,"S4NC00089,H2NC05074",31054.0,400054,21787.0,Richard Burr,,29548.0,Richard Burr
S001198,1,-1,1,1,1,0,1,1,1,1,1,1,1,1,0,1,1,0,1,1,1,1,1,1,-1,1,1,1,1,1,1,1,1,1,1,1,1,-1,-1,1,1,1,1,-1,1,1,1,1,1,1,1,1,1,1,1,1,-1,1,1,1,1,-1,1,1,1,1,1,1,1,1,1,1,1,-1,1,1,-1,1,-1,1,1,1,1,1,1,1,-1,-1,Sullivan,Dan,,,,Dan Sullivan,1964-11-13,M,sen,AK,,2.0,Republican,https://www.sullivan.senate.gov,702 Hart Senate Office Building Washington DC 20510,202-224-3004,https://www.sullivan.senate.gov/contact/email,,SenDanSullivan,SenDanSullivan,,UC7tXCm8gKlAhTFo2kuf5ylw,S001198,2290.0,N00035774,S383,S4AK00214,1023262.0,412665,114964.0,,,41500.0,Dan Sullivan (U.S. senator)
S001197,1,-1,1,1,1,-1,1,1,1,1,1,1,1,1,-1,0,1,1,1,1,1,1,1,1,-1,1,1,1,-1,1,1,1,1,1,1,1,1,-1,1,1,1,1,1,-1,1,1,1,1,1,1,1,1,1,1,1,1,-1,1,1,-1,-1,-1,1,1,1,1,1,1,1,1,1,1,-1,-1,1,1,-1,1,-1,1,1,1,1,1,1,1,-1,1,Sasse,Benjamin,Eric,,,Ben Sasse,1972-02-22,M,sen,NE,,2.0,Republican,https://www.sasse.senate.gov/public,136 Russell Senate Office Building Washington DC 20510,202-224-4224,http://www.sasse.senate.gov/public/index.cfm/email-ben,,SenSasse,SenatorSasse,,UCYaNGwcM2Dl5yDcDqS6xV2g,S001197,2289.0,N00035544,S382,S4NE00090,77429.0,412671,150182.0,,,41503.0,Ben Sasse
C001035,1,1,1,1,-1,1,1,1,1,-1,1,1,1,1,1,1,1,1,1,1,1,1,1,-1,-1,1,-1,1,1,1,1,1,-1,-1,1,1,1,-1,1,1,1,1,1,1,1,-1,1,1,1,1,1,1,1,1,1,1,1,1,1,-1,1,1,1,1,1,1,1,1,1,1,-1,-1,1,1,1,1,1,1,1,1,-1,1,1,-1,1,1,1,1,Collins,Susan,M.,,,Susan M. Collins,1952-12-07,F,sen,ME,,2.0,Republican,https://www.collins.senate.gov,413 Dirksen Senate Office Building Washington DC 20510,202-224-2523,http://www.collins.senate.gov/contact,http://www.collins.senate.gov/public/?a=rss.feed,SenatorCollins,susancollins,SenatorSusanCollins,UC6GYaBx5kT2r4PN8KENxC-w,C001035,1541.0,N00000491,S252,S6ME00159,45738.0,300025,379.0,Susan Collins,,49703.0,Susan Collins
C000127,-1,1,-1,1,-1,1,-1,1,1,-1,-1,1,-1,1,1,1,-1,-1,-1,-1,1,-1,-1,-1,1,-1,-1,-1,-1,-1,-1,-1,-1,-1,1,-1,-1,1,1,-1,1,1,1,1,1,-1,-1,1,-1,-1,-1,-1,-1,-1,-1,-1,1,1,1,-1,1,1,-1,-1,-1,-1,-1,1,-1,-1,-1,-1,1,1,1,-1,1,-1,1,1,-1,-1,1,-1,-1,1,1,-1,Cantwell,Maria,,,,Maria Cantwell,1958-10-13,F,sen,WA,,1.0,Democrat,https://www.cantwell.senate.gov,511 Hart Senate Office Building Washington DC 20510,202-224-3441,http://www.cantwell.senate.gov/public/index.cfm/email-maria,http://www.cantwell.senate.gov/public/index.cfm/rss/feed,SenatorCantwell,senatorcantwell,SenatorCantwell,UCN52UDqKgvHRk39ncySrIMw,C000127,172.0,N00007836,S275,"S8WA00194,H2WA01054",26137.0,300018,27122.0,Maria Cantwell,,39310.0,Maria Cantwell
S001194,-1,1,-1,-1,-1,-1,1,1,1,-1,-1,1,-1,-1,1,1,-1,-1,-1,-1,1,-1,-1,-1,1,-1,-1,-1,1,-1,-1,-1,-1,-1,1,-1,-1,1,1,-1,1,1,1,1,1,-1,-1,1,-1,-1,1,-1,-1,-1,-1,-1,1,1,1,-1,1,1,-1,-1,-1,-1,-1,1,-1,-1,-1,-1,1,1,1,-1,1,-1,1,1,-1,-1,1,-1,-1,1,1,-1,Schatz,Brian,Emanuel,,,Brian Schatz,1972-10-20,M,sen,HI,,3.0,Democrat,https://www.schatz.senate.gov,722 Hart Senate Office Building Washington DC 20510,202-224-3934,https://www.schatz.senate.gov/contact,,SenBrianSchatz,SenBrianSchatz,senbrianschatz,UC8-mSYp2WqBiB_5iwtwKfow,S001194,2173.0,N00028138,S353,"S4HI00136,H6HI02244",87784.0,412507,17852.0,Brian E. Schatz,,41112.0,Brian Schatz
M000934,1,1,1,1,1,1,1,1,1,1,1,1,1,1,-1,1,1,1,1,1,1,1,1,1,-1,1,1,1,1,1,1,1,1,1,1,1,1,-1,1,1,0,1,1,-1,1,1,1,1,1,1,1,1,1,1,1,1,-1,1,1,-1,1,-1,1,1,1,1,1,1,1,1,1,1,1,-1,1,1,-1,1,1,1,1,1,1,1,1,1,1,1,Moran,Jerry,,,,Jerry Moran,1954-05-29,M,sen,KS,,3.0,Republican,https://www.moran.senate.gov,521 Dirksen Senate Office Building Washington DC 20510,202-224-6521,https://www.moran.senate.gov/public/index.cfm/e-mail-jerry,http://www.moran.senate.gov/public/index.cfm/rss/feed/,JerryMoran,jerrymoran,senatorjerrymoran,UC1oRxeUPam6-53wPBZ3N02A,M000934,1507.0,N00005282,S347,"H6KS01096,S0KS00091",45469.0,400284,542.0,Jerry Moran,,29722.0,Jerry Moran
